{"annotations": {"list": []}, "panels": [{"type": "graph", "title": "Recommendation CTR", "targets": [{"expr": "recommend_ctr", "legendFormat": "ctr"}], "gridPos": {"x": 0, "y": 0, "w": 12, "h": 8}}, {"type": "graph", "title": "Requests Total (per sec)", "targets": [{"expr": "rate(recommend_requests_total[1m])", "legendFormat": "req/s"}], "gridPos": {"x": 0, "y": 8, "w": 12, "h": 8}}, {"type": "graph", "title": "Latency (seconds) - avg", "targets": [{"expr": "recommend_latency_seconds_sum / recommend_latency_seconds_count", "legendFormat": "avg"}], "gridPos": {"x": 0, "y": 16, "w": 12, "h": 8}}], "schemaVersion": 30, "title": "Recommendation Monitoring", "time": {"from": "now-6h", "to": "now"}}